number,title,album,artist,year
10,Exige,Compensation Analyst,Ileana,2011
3,240SX,Compensation Analyst,Randolf,1996
12,XG300,Speech Pathologist,Fredia,2001
6,Sentra,Chemical Engineer,Kesley,1993
10,Cruze,Media Manager III,Esma,2013
2,Cherokee,Clinical Specialist,Andi,1999
7,Z3,VP Sales,Lemmy,2000
11,Continental Flying Spur,Analog Circuit Design manager,Drucill,2009
4,Titan,Marketing Manager,Keen,2004
10,A6,VP Marketing,Clemence,2005
3,CL-Class,Programmer Analyst III,Esdras,2009
11,Monte Carlo,Biostatistician II,Vinny,2007
7,CLK-Class,Help Desk Operator,Dulcia,1998
7,650,Actuary,Nananne,2006
7,Tahoe,Data Coordiator,Tate,2006
6,Outlander,Systems Administrator IV,Francois,2004
1,Grand Prix,Engineer IV,Tobe,2005
9,XC60,Senior Financial Analyst,Giraud,2009
7,CTS,Financial Advisor,Clemmy,2003
9,Navigator L,Administrative Assistant III,Vinita,2010
8,Econoline E350,Human Resources Assistant I,Yancy,1997
8,T100,Chief Design Engineer,Rhetta,1994
1,Golf,Accountant II,Percy,1994
12,G-Series 2500,Senior Quality Engineer,Anneliese,1996
8,Avenger,Community Outreach Specialist,Morganica,2000
8,Continental,Biostatistician III,Myrtie,1989
4,F430 Spider,Financial Analyst,Cornela,2006
11,G6,Safety Technician II,Rabbi,2006
10,Caprice Classic,Project Manager,Sterling,1996
5,S80,Actuary,Pancho,2008
3,Sienna,Civil Engineer,Padraig,2006
2,C70,Database Administrator I,Sanders,2000
9,A3,VP Sales,Jeannie,2011
3,Savana 3500,Desktop Support Technician,Lisa,2004
4,F150,Programmer II,Vail,2012
8,CR-V,VP Quality Control,Cordie,2009
6,Supra,Chemical Engineer,Gilligan,1993
6,Z3,Administrative Assistant IV,Rowena,1997
3,Cavalier,Biostatistician II,Lydie,1995
9,Suburban 2500,Research Nurse,Jessamyn,1992
1,GTI,Computer Systems Analyst II,Cosimo,1999
4,Vandura 3500,Structural Engineer,Freddy,1994
11,Capri,Sales Representative,Tony,1992
7,500E,Clinical Specialist,Karlik,1993
3,300,Desktop Support Technician,Hurlee,2006
5,Econoline E250,Teacher,Arch,2000
10,Fit,Database Administrator II,Patric,2011
5,Fox,Desktop Support Technician,Silvie,1991
2,Ram Wagon B150,Health Coach I,Bobbe,1992
5,Xterra,Budget/Accounting Analyst I,Kaylee,2006
6,Sable,Cost Accountant,Dacie,1992
4,9-3,Administrative Assistant III,Chadwick,2001
1,Mustang,Account Representative II,Gabriella,1984
6,CLK-Class,Tax Accountant,Ase,2004
6,Forte,Mechanical Systems Engineer,Napoleon,2010
3,430 Scuderia,Geologist IV,Brit,2009
3,ZX2,Community Outreach Specialist,Agathe,2003
1,Pilot,Senior Quality Engineer,Cynthy,2007
1,Alliance,Web Designer III,Merilee,1983
7,Skylark,Help Desk Operator,Di,1997
4,Voyager,Business Systems Development Analyst,Cathrin,1994
7,W126,VP Marketing,Nissy,1983
9,CR-V,VP Marketing,Gates,2006
12,Monte Carlo,Budget/Accounting Analyst III,Christy,2005
3,M3,Marketing Manager,Irita,1998
10,Suburban 1500,Chief Design Engineer,Reagen,2008
1,Monte Carlo,Health Coach I,Ellsworth,2007
10,Skylark,Dental Hygienist,Bevvy,1997
3,600SEL,Chief Design Engineer,Theodoric,1993
10,Range Rover,Account Representative IV,Eward,2005
6,Range Rover,Civil Engineer,Ferrel,1994
6,Excel,Senior Developer,Sharlene,1994
9,Bonneville,Administrative Assistant I,Dalt,1998
5,Diamante,Administrative Officer,Modesty,2005
3,Avalon,Software Engineer I,Kathi,2008
12,57,Clinical Specialist,Deerdre,2009
9,Sonata,Engineer I,Edie,2003
5,Rendezvous,Electrical Engineer,Di,2004
4,SJ,Safety Technician II,Enrika,1986
7,Silhouette,Senior Cost Accountant,Guilbert,1993
11,Z4,Structural Analysis Engineer,Brooke,2003
7,LS,Senior Financial Analyst,Clyde,2001
10,850,Analyst Programmer,Siobhan,1996
9,i-370,GIS Technical Architect,Remington,2008
11,Escalade ESV,Media Manager I,Carissa,2006
2,M5,Account Coordinator,Cathleen,1992
4,Suburban 2500,Marketing Manager,Judye,2002
3,M,Assistant Media Planner,Dov,2008
1,Esprit,Accounting Assistant II,Elspeth,1996
12,Escape,Data Coordiator,Kimmy,2012
7,Pajero,Nuclear Power Engineer,Johna,1994
7,Loyale,Marketing Manager,Dermot,1994
9,Envoy XL,Physical Therapy Assistant,Katusha,2003
3,Continental GTC,Research Nurse,Emili,2011
7,Continental Mark VII,Safety Technician II,Margaretta,1989
2,F-Series,Design Engineer,Anabella,2009
6,S2000,Editor,Sibyl,2003
8,ES,Executive Secretary,Wheeler,2011
9,4Runner,Chemical Engineer,Madge,2012
9,2500,Account Coordinator,Anselma,1998
10,Express 2500,Geological Engineer,Jacinta,2000
10,Continental,Engineer I,Neilla,2005
7,Aero 8,Biostatistician IV,Arnie,2009
6,Esprit,Account Representative IV,Carmelle,1996
3,Tiguan,Senior Cost Accountant,Penelope,2011
2,Xterra,Occupational Therapist,Quentin,2003
8,Paseo,Biostatistician III,Jeramey,1996
7,Jetta,Account Executive,Betteanne,2010
3,Corvette,Occupational Therapist,Phil,1972
10,325,Engineer I,Rayshell,2004
2,Scirocco,Web Developer III,Wyn,1987
11,V40,Internal Auditor,Cecil,2000
5,Uplander,Research Assistant I,Grady,2007
1,Odyssey,Quality Control Specialist,Doti,1996
3,Stratus,Sales Representative,Daphne,1996
4,CC,Research Nurse,Carmita,2011
3,545,VP Quality Control,Florina,2005
5,G5,Administrative Assistant III,Henderson,2009
11,Expedition EL,Editor,Torrence,2007
5,911,Design Engineer,Lincoln,2004
4,Eldorado,VP Product Management,Tull,1992
3,Range Rover,Business Systems Development Analyst,Cortney,2010
4,F150,Administrative Officer,Winifred,1984
4,S2000,Biostatistician II,Charlene,2009
3,Sierra,Community Outreach Specialist,Lesley,2012
9,S40,Web Developer II,Gerrie,2009
3,Type 2,Occupational Therapist,Padraig,1988
2,VUE,Product Engineer,Jackie,2009
1,Grand Vitara,Budget/Accounting Analyst II,Leigh,2004
8,CLK-Class,Help Desk Technician,Max,2007
1,CTS,Administrative Assistant II,Hube,2004
5,Continental Super,Internal Auditor,Sully,2012
3,Sportvan G30,Quality Control Specialist,Cob,1994
11,ZDX,Financial Analyst,Kessiah,2012
3,Impreza WRX,VP Product Management,Trula,2011
10,Escalade,Administrative Officer,Lancelot,1999
7,Murci√©lago LP640,Geologist IV,Dawn,2008
8,MX-3,Chemical Engineer,Cello,1993
2,CX-9,Librarian,Bartholomew,2007
2,LeSabre,Business Systems Development Analyst,Joeann,1990
11,Stealth,Civil Engineer,Janine,1992
6,Express 2500,Software Consultant,Gerry,1996
8,Landaulet,Administrative Assistant III,Adela,2011
3,GTI,Structural Analysis Engineer,Celle,2004
12,62,Registered Nurse,Aksel,2008
7,S60,Budget/Accounting Analyst I,Bondon,2008
9,C30,Payment Adjustment Coordinator,Carmina,2008
3,CX-7,Technical Writer,Ossie,2007
2,G25,Librarian,Marwin,2012
3,Panamera,Staff Accountant IV,Grantham,2010
6,626,Accounting Assistant I,Correy,2002
11,Safari,Nurse Practicioner,Alysia,1989
10,Outlander,Staff Scientist,Lolita,2006
3,Highlander,Quality Engineer,Zonda,2003
3,Passat,Internal Auditor,Brigham,2001
2,riolet,Assistant Manager,Benedicto,1997
8,5 Series,Data Coordiator,Jayme,2006
11,Tacoma,Payment Adjustment Coordinator,Layton,2000
3,M-Class,Financial Advisor,Clareta,2003
10,Ram 3500,Operator,Gavin,2004
9,Sierra 1500,Speech Pathologist,Gilligan,2001
6,Frontier,Quality Engineer,Karita,2007
4,S4,Business Systems Development Analyst,Port,2004
8,Explorer,Chief Design Engineer,Shalom,2012
10,Ridgeline,Statistician IV,Drucill,2007
12,S10,Staff Scientist,Conchita,1994
10,911,Engineer II,Tallou,2002
12,L-Series,Software Test Engineer II,Niall,2003
11,Silverado 1500,Account Executive,Garv,2010
10,Diamante,Account Representative IV,Kirbee,2003
6,J,Developer II,West,1996
6,Bronco,Account Representative II,Garrard,1987
1,Truck,Civil Engineer,Mozelle,1994
6,Sierra 3500,Analyst Programmer,Rustin,2003
6,G,Safety Technician II,Mattie,2001
8,Avalanche,Compensation Analyst,Luciano,2011
2,Altima,Assistant Manager,Thacher,2004
4,Legend,Sales Representative,Sindee,1993
2,Camaro,Geological Engineer,Melita,1974
5,Viper,Junior Executive,Torr,1992
11,Escort,Structural Analysis Engineer,Mabel,1987
9,Topaz,Database Administrator III,Matti,1989
2,Tribeca,Nuclear Power Engineer,Cacilie,2012
6,IS,Help Desk Technician,Kayne,2007
2,1500,Financial Advisor,Tatiana,1995
1,Firebird,Junior Executive,Perceval,1989
4,Grand Vitara,Associate Professor,Rip,1999
8,Express 2500,Actuary,Erinna,2004
11,Sonata,Chief Design Engineer,Dot,1996
5,Miata MX-5,Recruiting Manager,Rockwell,2000
11,Firebird,Product Engineer,Ryann,1999
10,Quest,Staff Accountant IV,Micky,1993
9,New Beetle,Legal Assistant,Meagan,2010
1,Challenger,Recruiting Manager,Gregoor,2010
8,A3,VP Accounting,Maegan,2009
7,Montero,Staff Accountant II,Skipper,2005
11,Boxster,Senior Editor,Anita,2002
9,Pilot,Statistician III,Stevie,2006
8,Skyhawk,Geologist IV,Marius,1988
8,xD,Administrative Officer,Hakeem,2010
8,S2000,Software Test Engineer I,Bobina,2000
1,Z3,Accountant IV,Aguistin,1997
6,Corolla,GIS Technical Architect,Iormina,2004
8,Tahoe,Programmer II,Roddie,2003
4,Diablo,Quality Engineer,Judd,1999
3,Sierra 3500,Analog Circuit Design manager,Nollie,2002
2,Blackwood,Teacher,Celinka,2003
6,Montero Sport,Food Chemist,Rachael,1997
6,550,Human Resources Assistant III,Hannah,2006
6,Clubman,Web Developer I,Emlynn,2010
6,98,Software Consultant,Melinda,1993
8,Grand Voyager,Automation Specialist I,Ikey,1994
4,rio,Accountant IV,Jarad,1995
6,Diablo,Human Resources Manager,Ealasaid,1991
4,GS,Occupational Therapist,Kally,2008
7,9-3,Food Chemist,Bryce,2001
8,Focus,Computer Systems Analyst II,Robinet,2012
1,Miata MX-5,Health Coach I,Sisile,1995
5,Cutlass Supreme,Staff Accountant I,Regan,1997
4,Yukon XL,Software Test Engineer III,Bernelle,2006
7,Cavalier,Data Coordiator,Giustino,1999
2,Land Cruiser,Research Associate,Salli,1995
11,Quattroporte,Web Developer I,Archy,2012
4,Grand Prix Turbo,Accountant IV,Beilul,1990
12,Sportage,Sales Representative,Benjamin,2011
4,Challenger,Payment Adjustment Coordinator,Nicoline,2012
1,240,Nurse Practicioner,Emmott,1992
12,Eos,Internal Auditor,Cass,2011
5,SC,Engineer II,Shelby,2009
8,Sonata,Senior Quality Engineer,Rufe,1999
5,Prizm,Budget/Accounting Analyst III,Allegra,1997
11,Astro,Compensation Analyst,Nancy,1993
11,TundraMax,Professor,Ivor,2009
6,Shadow,Human Resources Assistant IV,Ilyse,1994
9,Chariot,Software Test Engineer II,Moira,1994
2,Pajero,Civil Engineer,Winslow,1984
3,Coachbuilder,Recruiter,Paxton,1990
5,Galant,Quality Engineer,Hendrick,1989
9,Escort,Marketing Manager,Kaye,1986
3,Sierra 1500,Systems Administrator II,Silvester,2004
6,IS-F,VP Product Management,Cherida,2009
2,Landaulet,Paralegal,Andre,2009
8,W126,Professor,Nap,1981
6,Grand Prix,Pharmacist,Amos,2003
8,911,Senior Developer,Jacques,2000
11,Grand Marquis,Structural Engineer,Karoly,1998
10,Tercel,Computer Systems Analyst I,Randee,1992
5,100,Speech Pathologist,Moritz,1989
4,164,Pharmacist,Kain,1993
5,LX,Research Associate,Darn,2001
4,TundraMax,Professor,Giavani,2010
11,C-Class,VP Accounting,Charlotta,1995
5,Bravada,Senior Developer,Alessandra,2004
5,Jetta,Electrical Engineer,Gerda,2002
3,Yukon,GIS Technical Architect,Glenn,2000
3,Monterey,Product Engineer,Tracey,2005
6,Savana 2500,Recruiter,Nita,1997
4,Suburban 2500,Cost Accountant,Shurwood,1995
8,F-Series,Biostatistician IV,Aubrey,1993
4,Colt,Teacher,Lefty,1992
6,1000,Help Desk Operator,Marcello,1986
12,Ranger,Engineer I,Oswald,1989
3,Magnum,Pharmacist,Tonye,2008
6,Frontier,Business Systems Development Analyst,Saba,2010
9,MX-6,Help Desk Operator,Michaela,1990
3,Dakota Club,Account Representative II,Rosalinda,1999
6,240SX,Sales Associate,Cary,1997
2,Corolla,Marketing Manager,Jeramie,1997
12,Sunbird,Director of Sales,Gae,1989
10,LX,Clinical Specialist,Georgetta,2006
11,Camry,Programmer Analyst I,Rabbi,2011
2,Matrix,Assistant Professor,Corny,2011
5,Hombre Space,Marketing Manager,Odetta,1998
5,Elantra,Assistant Manager,Hamel,1999
4,Transit Connect,VP Sales,Ulrikaumeko,2010
10,9-5,Graphic Designer,Christie,2004
4,Grand Caravan,Assistant Manager,Devan,2001
1,RL,Account Executive,Jeramie,1996
1,Ram 2500 Club,Junior Executive,Sophronia,1998
6,Ram 2500,Senior Cost Accountant,Sukey,2005
8,Ciera,Database Administrator IV,Ingar,1993
7,Precis,Recruiter,Linn,1993
8,Familia,Sales Associate,Ardine,1986
2,Town Car,Product Engineer,Gerald,2009
3,Fusion,Project Manager,Aaren,2007
2,Skylark,Programmer Analyst II,Rafaello,1992
11,Metro,Technical Writer,Serene,2001
11,Capri,Media Manager III,Marchall,1994
4,Discovery,Cost Accountant,Dodi,2005
10,APV,Automation Specialist I,Morly,1993
5,C-Class,Operator,Ardis,2000
6,Exige,Web Developer IV,Barton,2012
3,Taurus,Information Systems Manager,Oralie,2008
3,Corvette,Graphic Designer,Flemming,1999
1,Sky,Design Engineer,Saunders,2009
9,Envoy,Editor,Rochell,2004
5,929,Business Systems Development Analyst,Lise,1995
1,Yukon,Research Associate,Syd,1997
12,Continental Super,Tax Accountant,Mikol,2012
7,LeMans,Junior Executive,Rene,1968
6,750,Research Assistant IV,Cornie,2006
1,CTS-V,Engineer IV,Sunny,2006
11,Camaro,Sales Representative,Evangelia,1992
12,Eclipse,Analyst Programmer,Lavena,2008
12,Corolla,Media Manager II,Stewart,2007
12,E350,Assistant Media Planner,Paulie,2012
10,S-Class,Software Consultant,Norrie,1998
3,Trans Sport,Developer II,Sebastian,1992
11,Mustang,Associate Professor,Saidee,2006
4,Sierra 1500,Payment Adjustment Coordinator,Jeanette,2001
8,L300,GIS Technical Architect,Zsa zsa,1988
2,Venture,Research Assistant II,Gordie,2003
5,Terrain,Media Manager I,Del,2010
10,Explorer,Quality Control Specialist,Sherlock,2007
2,Mini,Research Nurse,Phelia,1959
12,200SX,Environmental Specialist,Say,1996
12,Mustang,Senior Editor,Quinta,1987
9,62,Senior Quality Engineer,Lucilia,2011
11,Dakota,Operator,Corissa,2007
10,6000,Graphic Designer,Miquela,1984
11,Cabriolet,Office Assistant I,Hazel,1998
1,M5,Account Representative IV,Bartholomeus,2008
5,Avenger,Structural Analysis Engineer,Mamie,2011
10,Grand Voyager,Electrical Engineer,Amargo,1993
9,Suburban 1500,Legal Assistant,Mariette,2011
12,G-Class,Information Systems Manager,Giuditta,2011
10,Savana 2500,Statistician III,Penni,2012
9,Truck,Technical Writer,Cherri,1987
12,Contour,Product Engineer,Gregoire,1997
2,Cooper Countryman,VP Quality Control,Godart,2012
10,E-Class,Senior Developer,Mohandis,1987
4,Mountaineer,Analyst Programmer,Konstanze,2005
12,Armada,Programmer Analyst II,Reggis,2005
6,323,Accounting Assistant III,Karia,1993
3,M3,Mechanical Systems Engineer,Darla,2012
5,C-Class,Environmental Tech,Benny,2006
9,Mazda6,Executive Secretary,Almeria,2008
4,CLK-Class,Legal Assistant,Gaye,2002
7,Tracker,Senior Quality Engineer,Roanne,2001
4,Rabbit,Budget/Accounting Analyst IV,Denyse,2010
4,Challenger,Assistant Professor,Papagena,1997
6,Amanti,Systems Administrator I,Renata,2009
1,944,Civil Engineer,Magdalene,1987
11,Truck,Software Consultant,Nevil,1989
4,X3,Speech Pathologist,Valerye,2005
11,Savana 2500,Account Coordinator,Wendall,2009
12,Express,Automation Specialist I,Wallie,2011
4,Daewoo Magnus,Human Resources Manager,Ula,2005
1,Sonic,Chief Design Engineer,Geri,2012
11,Bravada,Environmental Specialist,Evered,2004
9,Metro,Design Engineer,Drugi,1999
5,Pajero,Operator,Ermengarde,1991
11,Escalade,Human Resources Assistant II,Derick,1999
3,Taurus,Operator,Janifer,1997
1,Focus,Geological Engineer,Nada,2013
4,Passat,Design Engineer,Hatti,1992
10,Mountaineer,Librarian,Dick,2001
6,Xtra,VP Sales,Timmie,1993
1,Q5,Junior Executive,Dulsea,2009
2,3500,Professor,Megan,2000
7,Grand Voyager,Staff Scientist,Stace,1999
2,IS,Dental Hygienist,Eada,2008
11,TL,Occupational Therapist,Isabel,1996
9,GL-Class,Senior Editor,Coralie,2011
4,Grand Voyager,Internal Auditor,Griff,1994
1,LS,Editor,Gaelan,2003
9,Element,Administrative Assistant II,Edgardo,2003
8,Metro,Help Desk Technician,Bertram,1992
4,Vantage,Recruiter,Evangelina,2006
7,Land Cruiser,Recruiting Manager,Johny,2002
10,Econoline E250,Recruiter,Gerrie,1995
6,3500 Club Coupe,Senior Quality Engineer,Fanchette,1996
4,Mazdaspeed 3,Administrative Assistant IV,Dorita,2008
12,SL65 AMG,Analog Circuit Design manager,Penny,2006
2,Impala,Environmental Tech,Bria,1995
11,Camaro,Nurse Practicioner,Mead,2002
3,STS,Assistant Manager,Elyn,2006
8,Prowler,Programmer Analyst IV,Kareem,2000
11,Integra,Electrical Engineer,Nettie,2001
8,98,Analog Circuit Design manager,Obie,1994
6,Ridgeline,Assistant Media Planner,Dylan,2009
7,Corvette,Sales Associate,Garret,1987
12,Optima,Tax Accountant,Alfy,2010
7,Accord,Administrative Assistant I,Tailor,2000
11,Armada,Junior Executive,Belia,2006
10,Boxster,Sales Associate,Stevana,2005
1,6000,Automation Specialist I,Marilyn,1986
4,Rodeo Sport,Senior Editor,Sidnee,2003
12,Silverado 3500,Chief Design Engineer,Marna,2007
3,Type 2,Marketing Assistant,Velma,1991
6,Tribute,Account Executive,Tori,2002
1,Avalanche,Account Executive,Osborne,2012
7,Daewoo Kalos,Help Desk Technician,Isaak,2006
10,Clubman,Administrative Assistant I,Cicily,2009
7,Miata MX-5,Software Test Engineer IV,Ronny,2009
6,Impala,Senior Editor,Nickie,1996
5,DeVille,Cost Accountant,Kyle,1992
4,Suburban 1500,Marketing Manager,Dean,1993
10,Falcon,Community Outreach Specialist,Trever,1967
6,Cougar,Financial Analyst,Elmore,1984
7,NX,Executive Secretary,Kele,1993
11,Enclave,Health Coach IV,Constance,2011
11,MX-5,Clinical Specialist,Eula,2008
6,Grand Prix,Graphic Designer,Zondra,1994
5,Ram 2500 Club,Physical Therapy Assistant,Dwight,1996
12,S-Series,Cost Accountant,Warden,1995
11,Lancer,Design Engineer,Karisa,2002
11,Esprit,Dental Hygienist,Kara,1991
8,Rio,Technical Writer,Millie,2009
10,Continental,Mechanical Systems Engineer,Dinah,1988
5,GranSport,Compensation Analyst,Egon,2005
7,Accord,Account Executive,Ermentrude,2003
12,VUE,Associate Professor,Annetta,2010
4,Murano,Design Engineer,Valle,2006
1,Regal,Junior Executive,Terry,1990
8,Intrepid,Senior Sales Associate,Louise,1997
8,Lynx,Speech Pathologist,Sterne,1986
11,Charade,Analyst Programmer,Lilah,1992
12,GT,Senior Editor,Dennet,2005
7,Boxster,Software Engineer III,Ryann,2001
2,XC90,Software Test Engineer III,Cortie,2012
6,626,Budget/Accounting Analyst II,Suzi,1984
12,Venza,VP Product Management,Bruno,2011
8,Escape,Help Desk Technician,Merlina,2013
8,G25,Structural Engineer,Lavinie,2011
3,LS,Web Developer I,Emilio,2006
2,Cougar,Software Engineer IV,Glad,1988
1,Continental Mark VII,Nurse,Raimund,1991
2,E350,Senior Editor,Darrel,2003
2,TSX,Structural Engineer,Delilah,2004
6,RL,Geologist III,Bernette,2001
12,Bonneville,Junior Executive,Normie,1964
9,Savana 1500,Recruiter,Elyse,2011
4,C30,General Manager,Merci,2012
6,EX,Office Assistant IV,Gerri,2012
3,Gallardo,Nuclear Power Engineer,Rebbecca,2010
6,Explorer Sport Trac,Teacher,Wileen,2004
8,Freestar,VP Accounting,Pattie,2006
3,Reatta,GIS Technical Architect,Haskel,1991
5,Sierra 1500,Information Systems Manager,Tammy,2008
7,2500,Computer Systems Analyst II,Rolland,1995
9,GT-R,Software Consultant,Cobby,2009
1,Escape,Quality Engineer,Elianore,2013
9,Neon,Environmental Tech,Maximilian,2000
3,Avalanche,Quality Control Specialist,Katya,2012
4,Exige,Environmental Specialist,Adrien,2010
7,Cougar,Analog Circuit Design manager,Guenevere,1984
7,Camaro,Software Consultant,Abbi,1967
11,1500,Programmer Analyst I,Grover,1993
2,Paseo,Structural Engineer,Loise,1996
7,Viper,Quality Control Specialist,Freddy,1995
3,Continental GT,Staff Accountant I,Berti,2008
4,Colorado,Executive Secretary,Cleve,2006
2,4000s Quattro,Librarian,Enos,1986
12,CL-Class,Safety Technician I,Cherey,2006
8,G-Series G20,Librarian,Park,1994
1,TT,Health Coach III,Bobbye,2010
1,Tacoma,Office Assistant I,Lorenzo,2009
8,Dakota Club,Geological Engineer,Alina,1994
1,Charger,Paralegal,Shandeigh,2009
4,Edge,Senior Quality Engineer,Zak,2008
12,Raider,Desktop Support Technician,Scarface,2007
1,Maxima,Data Coordiator,Brunhilde,2006
11,Montana,VP Product Management,Isac,1999
2,Continental,Tax Accountant,Hertha,1987
7,Altima,Senior Developer,Zita,2001
11,Taurus,Structural Engineer,Craggy,1995
1,MDX,Registered Nurse,Cordi,2011
8,E-Class,Food Chemist,Jessica,1991
9,Expedition,Tax Accountant,Adelle,2001
3,Dakota Club,Senior Developer,Egbert,2006
4,Cooper,Clinical Specialist,Corey,2011
8,Roadmaster,Research Assistant II,Opaline,1992
12,911,Research Associate,Thoma,2009
9,Eclipse,Dental Hygienist,Gaspard,1997
9,V70,Media Manager IV,Pamela,2009
5,Viper RT/10,Actuary,Maje,1994
12,Virage,Analyst Programmer,Cherilyn,2011
6,G-Class,Analyst Programmer,Giacopo,2008
8,XK Series,Account Executive,Franni,2001
9,Matrix,Environmental Tech,Nikolai,2008
2,Ranger,VP Accounting,Carny,1996
11,GS,VP Accounting,Cordelia,1997
6,Sunbird,Assistant Professor,Zelma,1988
12,Escort,Help Desk Operator,Karmen,1997
7,Escort,Research Assistant III,Silvanus,1990
9,W201,Nurse Practicioner,Orella,1985
1,G6,Project Manager,Jehanna,2006
7,Wrangler,Occupational Therapist,Adrian,1999
7,Range Rover,Payment Adjustment Coordinator,Lawry,1992
9,ZX2,Teacher,Layton,2001
8,Neon,Systems Administrator IV,Hinze,1999
12,E-Series,Geologist III,Jammal,1994
5,Frontier,Junior Executive,Joanna,2010
2,riolet,Technical Writer,Rora,1995
7,626,Actuary,Garwin,1995
7,Mazdaspeed6,Editor,Reinaldos,2006
1,Mystique,Editor,Rouvin,1997
10,Ciera,Systems Administrator II,Linea,1996
1,T100,Graphic Designer,Alfredo,1996
9,LS,Sales Representative,Raffaello,1992
9,RL,Structural Engineer,Zollie,2004
7,Grand Am,Information Systems Manager,Iolanthe,1985
5,900,Chief Design Engineer,Arturo,1984
8,Sonata,Clinical Specialist,Emmerich,2003
10,MX-5,Assistant Media Planner,Marie-ann,2001
1,Routan,Analyst Programmer,Gib,2012
9,F350,Recruiter,Leonidas,2005
1,Concorde,Software Engineer IV,Almeria,1998
5,CTS-V,Information Systems Manager,Sherri,2012
8,C/V,Paralegal,Margarette,2012
2,G-Series G30,Desktop Support Technician,Annecorinne,1992
4,Aspire,Data Coordiator,Leeann,1996
11,H2 SUT,Senior Sales Associate,Dael,2006
1,MX-5,Chemical Engineer,Latisha,2011
3,Mustang,Programmer Analyst IV,Upton,1999
3,Wrangler,Health Coach I,Aime,2000
6,Escort,Speech Pathologist,Reed,1996
3,Starion,General Manager,Arvy,1986
12,Ranger,VP Product Management,Clo,2003
11,Q7,Chemical Engineer,Uriel,2009
4,Econoline E250,Senior Quality Engineer,Lorne,1996
10,Sierra,Analog Circuit Design manager,Martelle,2008
1,Crown Victoria,Operator,Pamelina,2005
12,Intrepid,Marketing Assistant,Rhona,1994
10,E150,Senior Cost Accountant,Gerrilee,2012
11,Q,Structural Engineer,Ephrayim,1994
6,xD,Environmental Specialist,Russ,2010
10,Corolla,Graphic Designer,Erie,1995
6,XJ,Sales Associate,Thibaud,2009
9,2500,Senior Developer,Ronnica,1998
2,Monterey,Financial Analyst,Ky,2006
6,F-Series Super Duty,Statistician I,Nanete,2012
7,Prowler,Staff Accountant II,Collete,1997
2,Solara,Chemical Engineer,Abbie,2004
12,Amanti,Research Nurse,Gerrie,2005
6,Savana 3500,Structural Engineer,Chris,1999
5,5000S,Civil Engineer,Kennith,1984
4,Vega,Analyst Programmer,Darrel,1971
4,Thunderbird,Accountant II,Hazel,1986
10,Journey,Technical Writer,Melany,2010
1,Caravan,Geological Engineer,Vance,2012
7,Cooper,Nuclear Power Engineer,Dori,2003
7,Mustang,Administrative Assistant I,Agretha,1968
10,Fortwo,VP Quality Control,Gard,2008
5,Jetta,Technical Writer,Willow,1987
3,Lynx,Editor,Ania,1985
1,Bonneville,Information Systems Manager,Law,2001
7,Lightning,Sales Associate,Ancell,1994
2,Impreza,Clinical Specialist,Roz,2001
3,Liberty,Geologist III,Maxy,2010
10,EX,Senior Developer,Rubina,2010
3,2500 Club Coupe,Analyst Programmer,Skippie,1992
10,Shadow,Help Desk Operator,Janenna,1993
6,del Sol,Social Worker,Daffie,1994
4,Topaz,Staff Scientist,Carmine,1992
5,F430,Assistant Manager,Frayda,2008
5,Integra,Senior Sales Associate,Ambur,1994
4,Explorer Sport,Community Outreach Specialist,Rozamond,2002
11,Mustang,Human Resources Assistant III,Ernestine,1989
11,2500,Nurse Practicioner,Keeley,1996
10,FX,Pharmacist,Royall,2005
5,G,Research Nurse,Hamilton,1996
10,Miata MX-5,Dental Hygienist,Jodie,2011
7,Sequoia,Dental Hygienist,Garrick,2001
7,Silhouette,Automation Specialist IV,Nikolaus,2004
1,M-Class,Clinical Specialist,Pooh,2008
3,LeSabre,Budget/Accounting Analyst III,Arny,1992
8,Accent,Human Resources Manager,Damon,2005
4,Impala,Budget/Accounting Analyst II,Waylon,2003
11,Armada,Help Desk Technician,Marlo,2010
11,Miata MX-5,Health Coach IV,Chere,2011
8,Land Cruiser,Nurse,Angelo,1999
7,Talon,Office Assistant IV,Rodina,1990
9,Venture,Associate Professor,Kristan,2002
12,LSS,Paralegal,Cherri,1999
2,Yukon,Automation Specialist IV,Cleve,1993
2,Explorer,Nuclear Power Engineer,Ezri,1991
2,Tundra,GIS Technical Architect,Gabriele,2000
5,1000,Programmer Analyst II,Waring,1984
10,S-Series,Physical Therapy Assistant,Jorge,1993
10,Pathfinder,Biostatistician I,Britt,2005
12,Camaro,Librarian,Allix,1985
7,Phantom,Computer Systems Analyst III,Vallie,2012
7,Mini Cooper S,Compensation Analyst,Leonidas,1963
10,Explorer,Senior Financial Analyst,Patsy,2009
5,Gemini,Occupational Therapist,Patience,1989
4,Grand Voyager,Assistant Professor,Sisile,1995
4,Sable,General Manager,Desmund,2003
4,Town Car,Programmer II,Lowell,2011
10,5 Series,Assistant Media Planner,Wilbert,2007
10,Outlander,GIS Technical Architect,Bonni,2006
8,DeVille,Staff Accountant III,Alanson,1999
5,SL-Class,Senior Editor,Kendre,2009
12,Insight,Staff Scientist,Irita,2006
1,Truck Xtracab SR5,Help Desk Technician,Gardy,1989
12,Versa,Civil Engineer,Shannon,2008
7,Ram 3500,Senior Cost Accountant,Bartolemo,2000
12,riolet,Statistician II,Rachele,1994
2,Endeavor,Sales Associate,Dominic,2011
4,Spider,Health Coach III,Ruby,1994
7,Altima,Database Administrator III,Vic,1996
5,G37,Accounting Assistant I,Lara,2011
7,Ram 1500,Financial Advisor,Killian,2007
3,Town Car,Senior Sales Associate,Adele,1993
2,Courier,Office Assistant II,Elka,1986
4,LTD Crown Victoria,Data Coordiator,Ray,1984
6,B-Series,Budget/Accounting Analyst III,Gloria,1987
9,RX,Health Coach IV,Holden,2013
12,9000,Senior Financial Analyst,Dyana,1987
7,Accent,Statistician I,Datha,2011
10,Quattroporte,Analyst Programmer,Marianne,2011
7,3 Series,Legal Assistant,Dory,2004
8,F-Series Super Duty,Assistant Professor,Hanan,2010
10,Catera,Electrical Engineer,Thorn,2001
8,Ram 3500,Assistant Manager,Simone,1998
4,F-Series,VP Sales,Rafferty,2003
11,Town & Country,Dental Hygienist,Matthus,1998
11,Camry,Staff Scientist,Malanie,2010
11,Eclipse,Assistant Professor,Aila,1992
6,CT,Recruiter,Rupert,2011
8,CX-7,Staff Accountant I,Bernita,2008
1,88,VP Product Management,Sebastian,1992
10,SVX,Senior Cost Accountant,Zacharie,1995
7,Prelude,Nuclear Power Engineer,Miller,1985
10,Outlander,Help Desk Operator,Ardyce,2007
11,Ram 3500,Payment Adjustment Coordinator,Danette,2002
11,GranTurismo,Payment Adjustment Coordinator,Redd,2008
3,Grand Vitara,Assistant Professor,Rosita,2008
12,W201,Associate Professor,Jobye,1989
8,Viper,Professor,Blayne,2006
9,Venture,Help Desk Operator,Myrvyn,2002
7,CLS-Class,Design Engineer,Clarisse,2008
1,Fusion,Health Coach IV,Elfrida,2008
7,Diamante,Programmer I,Kayley,1992
3,2CV,Legal Assistant,Glory,1948
5,940,Occupational Therapist,Rogers,1992
6,Continental GTC,Analog Circuit Design manager,Nappy,2008
4,Tempo,Environmental Specialist,Nikolai,1984
4,330,Administrative Assistant I,Kellen,2006
5,E-Class,Environmental Tech,Genevieve,1999
4,Silverado 3500,Chemical Engineer,Sileas,2007
9,Mountaineer,Software Engineer III,Nev,2002
5,Golf,Quality Engineer,Danya,2003
6,Corolla,Junior Executive,Antoni,1996
8,Cougar,Media Manager I,Dalston,1987
1,Fairlane,Programmer I,Minna,1965
3,LaCrosse,Software Test Engineer I,Gawain,2006
3,Express 3500,Actuary,Kandy,2001
4,Xtra,Geological Engineer,Sofia,1995
9,Sidekick,Librarian,Jaquith,1994
7,Daytona,Help Desk Operator,Dav,1984
6,V70,Pharmacist,Min,2001
4,Civic,Occupational Therapist,Shelby,2002
9,New Yorker,Quality Control Specialist,Evered,1996
3,Pajero,Librarian,Tabbatha,1999
12,Mystique,Analog Circuit Design manager,Janean,1998
7,Miata MX-5,Environmental Tech,Rene,2003
8,Explorer,Paralegal,Lizzie,1996
9,Tiburon,Research Nurse,Brande,2008
7,SJ,Data Coordiator,Tillie,1992
5,Millenia,Actuary,Edmon,2001
6,Elantra,Pharmacist,Jenifer,2013
8,Maxima,General Manager,Ivett,1994
2,Aero 8,Safety Technician III,Monroe,2009
8,S4,VP Sales,Gabriele,2005
4,Insight,Nuclear Power Engineer,Herminia,2002
3,Loyale,Legal Assistant,Kellie,1994
2,Horizon,Geologist II,Lara,1978
4,626,Sales Representative,Culver,1984
5,H1,Administrative Assistant II,Lalo,2003
6,Canyon,Systems Administrator III,Giselle,2006
9,Neon,Environmental Tech,Teodorico,2002
12,9-5,Information Systems Manager,Blinny,2007
9,Summit,Geological Engineer,Sheelah,1995
9,V70,Marketing Assistant,Stephana,2010
4,Impala,Marketing Manager,Diannne,1994
10,Grand Marquis,Analyst Programmer,Selig,1986
11,Patriot,Tax Accountant,Tome,2011
1,GTI,Editor,Natalina,2010
9,F450,Senior Financial Analyst,Lucinda,2008
3,Sunbird,Financial Analyst,Alair,1991
6,S5,Help Desk Technician,Deana,2012
2,GTI,Administrative Officer,Bernie,2008
4,XL-7,Administrative Assistant I,Chelsey,2004
10,Titan,Director of Sales,Ewart,2009
3,Fiesta,Account Coordinator,Justinian,2011
6,RL,Software Consultant,Bailie,1998
9,X5 M,Pharmacist,Amery,2012
8,Stratus,Web Designer III,Clarke,2004
8,Boxster,Developer I,Syman,2000
5,Topaz,Analog Circuit Design manager,Aldon,1986
5,Venture,Staff Accountant IV,Budd,2000
10,Suburban 2500,Accountant I,Kat,1998
11,XK Series,Safety Technician I,Kenyon,2003
10,RL,Quality Control Specialist,Timmie,2000
6,Altima,Clinical Specialist,Donovan,2005
3,RL,Assistant Media Planner,Erik,2006
4,530,Graphic Designer,Rubi,2006
1,Intrepid,Staff Accountant II,Earvin,2004
1,Taurus,Systems Administrator I,Sheilakathryn,1986
6,Venture,Senior Quality Engineer,Winona,2001
2,Prius Plug-in Hybrid,Human Resources Assistant I,Annaliese,2012
12,Montana,VP Product Management,Jamal,2005
9,LaCrosse,Internal Auditor,Bili,2006
9,Yukon XL 2500,Director of Sales,Loutitia,2000
1,Cooper,Biostatistician II,Conny,2008
1,Crown Victoria,Programmer Analyst IV,Mahmoud,2003
10,Nubira,Programmer Analyst IV,Joyan,1999
11,Corvette,Health Coach I,Dre,1967
12,SL-Class,Automation Specialist IV,Uta,1996
4,Gallardo,Legal Assistant,Julina,2007
9,Silverado,General Manager,Errick,2008
6,Liberty,Dental Hygienist,Emera,2010
6,Altima,Internal Auditor,Kevyn,1997
10,C30,Legal Assistant,Xena,2009
9,LHS,Senior Cost Accountant,Michele,1996
8,Pacifica,Human Resources Manager,Webster,2005
6,Edge,Assistant Media Planner,Anna,2008
2,Sebring,VP Sales,Agathe,2007
11,Savana 3500,Data Coordiator,Dag,2011
9,Galant,Safety Technician I,Judah,2004
8,Quest,Research Assistant IV,Rorke,1998
5,Passat,Financial Advisor,Vite,2005
8,Parisienne,Occupational Therapist,Nil,1985
1,H1,Associate Professor,Leigha,2002
11,Xterra,Speech Pathologist,Tessie,2006
12,Sedona,Structural Analysis Engineer,Amalea,2002
11,Fiesta,Information Systems Manager,Torrey,2012
11,LX,Programmer III,West,2007
12,Century,Software Consultant,Rhianna,1996
1,M6,Payment Adjustment Coordinator,Mufi,2010
8,Corvette,Data Coordiator,Jannelle,2004
6,Aveo,Biostatistician III,Arthur,2006
12,Savana 3500,Developer II,Amelia,2005
5,240SX,Software Test Engineer I,Wald,1998
5,Outlook,Marketing Assistant,Julienne,2010
1,Yukon XL 1500,Associate Professor,Shawn,2007
12,Sienna,Social Worker,Moses,2006
4,Accent,Dental Hygienist,Antone,1999
3,A5,Recruiter,Yorgo,2009
4,3500,Senior Quality Engineer,Gaylene,1994
4,Club Wagon,Community Outreach Specialist,Gabey,1993
2,325,Clinical Specialist,Glenda,2004
8,300ZX,Programmer III,Kore,1993
2,S10 Blazer,Design Engineer,Jonell,1993
12,Accord,Account Representative II,Nathan,2010
3,Land Cruiser,Quality Engineer,Martino,2008
8,6000,Design Engineer,Rolf,1985
1,Blazer,Operator,Vick,1998
12,W201,Geological Engineer,Marya,1991
2,Park Avenue,VP Product Management,Lothaire,1998
10,E-Class,Quality Engineer,Cortie,2002
9,612 Scaglietti,Help Desk Operator,Jewel,2009
1,Sierra 1500,Professor,Florry,2003
1,LeSabre,Financial Analyst,Ruperta,1992
10,Esprit,Human Resources Assistant IV,Dolph,1989
8,Edge,Financial Advisor,Rickey,2007
8,F250,General Manager,Lainey,2012
9,Charger,Editor,Kip,1969
2,Tracer,Occupational Therapist,Melisent,1995
2,Century,Business Systems Development Analyst,Storm,1997
10,Bravada,Media Manager II,Mozelle,1998
9,100,Civil Engineer,Brand,1992
9,XC90,Account Representative I,Sophie,2008
2,Esprit,Structural Analysis Engineer,Dawn,1997
12,Tiguan,Product Engineer,Elisabet,2011
5,Solara,VP Accounting,Cleavland,2006
7,Flex,Quality Control Specialist,Reeba,2011
1,NSX,Civil Engineer,Ruy,1992
9,Spyder,Information Systems Manager,Corrine,1990
10,riolet,Analyst Programmer,Rosella,1993
11,MDX,Assistant Professor,Marlin,2004
5,Thunderbird,Engineer III,Allis,1991
10,Truck,Associate Professor,Gherardo,1988
3,Frontier,Professor,Nickolas,2007
12,Continental,Web Developer III,Tann,2007
7,Vandura 2500,Accounting Assistant I,Demetris,1993
8,DeVille,Teacher,Ilario,1994
10,Endeavor,Programmer Analyst IV,Janelle,2006
6,Regal,Clinical Specialist,Rubin,1995
12,A3,Compensation Analyst,Ashien,2009
8,D350 Club,Budget/Accounting Analyst III,Tobe,1993
11,MDX,Technical Writer,Elmore,2007
9,Accord,Safety Technician I,Edgardo,2011
10,XC90,Quality Control Specialist,Lolita,2007
6,Taurus,Safety Technician I,Gradeigh,2000
6,RAV4,Programmer Analyst IV,Davidson,2010
8,Rodeo,Senior Quality Engineer,Clarabelle,1996
3,GT500,Product Engineer,Faustine,1968
5,Blazer,Chemical Engineer,Selle,2005
7,Viper,Marketing Manager,Pail,1994
8,Envoy,Programmer I,Brittan,2005
6,MPV,Food Chemist,Scotty,1989
9,PT Cruiser,Quality Engineer,Yul,2009
9,SLK-Class,Quality Control Specialist,Berri,2002
5,Safari,Technical Writer,Yehudi,2001
3,Cherokee,Marketing Manager,Casey,1997
6,Sixty Special,Occupational Therapist,Gracia,1993
5,Tempo,Geologist II,Priscella,1985
1,Mirage,Software Engineer III,Iggy,1999
12,Highlander,Geologist III,Lurlene,2009
10,Azure,Junior Executive,Jasun,2009
5,Escalade EXT,Mechanical Systems Engineer,Gabbi,2008
3,Eldorado,Account Coordinator,Joli,1995
6,Grand Prix,Payment Adjustment Coordinator,Eduard,1992
10,Yukon XL 1500,Desktop Support Technician,Raven,2011
6,9000,Media Manager III,Pinchas,1996
12,Explorer,Community Outreach Specialist,Penni,2002
9,Rally Wagon 3500,Nurse Practicioner,Mickie,1993
3,tC,Senior Editor,Julie,2009
11,Range Rover,VP Accounting,Joby,2010
10,62,Health Coach I,Shayne,2009
7,F350,Account Coordinator,Issi,2007
5,SL-Class,Technical Writer,Worden,2006
4,Camry,Database Administrator IV,Devlen,2001
5,DeVille,GIS Technical Architect,Mireielle,1995
5,Navigator,Social Worker,Adham,2004
9,Intrepid,Graphic Designer,Jaquelyn,1994
12,Avenger,Cost Accountant,Winifred,1995
9,5 Series,Chief Design Engineer,Lizzie,1997
8,LeMans,Recruiting Manager,Josie,1966
11,NSX,Data Coordiator,Cayla,1994
5,Prius,Environmental Tech,Prinz,2006
3,Explorer,Nurse Practicioner,Anita,2010
7,Elantra,Compensation Analyst,Marcos,1998
4,F150,Chemical Engineer,Raimondo,2004
3,Galaxie,Mechanical Systems Engineer,Berky,1966
12,A8,Business Systems Development Analyst,Spense,2006
11,Bonneville,Help Desk Technician,Raffarty,1999
8,Elise,Community Outreach Specialist,Kimberly,2008
12,GTO,Nurse Practicioner,Sonny,1993
6,Freelander,Legal Assistant,Olive,2010
4,Loyale,Marketing Assistant,Sherman,1992
9,Escalade EXT,Associate Professor,Vaughan,2003
3,MPV,Engineer III,Teodor,1997
4,SC,Recruiting Manager,Corabella,2008
4,Silhouette,Desktop Support Technician,Balduin,1992
6,Spirit,Dental Hygienist,Merl,1992
4,Lancer Evolution,Staff Accountant II,Krysta,2002
9,CTS,Account Representative I,Garold,2012
2,Grand Am,Environmental Specialist,Zorina,2004
1,Liberty,Internal Auditor,Sadella,2003
12,Windstar,Automation Specialist I,Trev,2003
9,Continental,Marketing Manager,Kikelia,2002
4,88,Budget/Accounting Analyst II,Ambrosio,1996
2,Sable,Geologist III,Angel,1987
5,DeVille,Quality Control Specialist,Cloe,1997
11,LaCrosse,Help Desk Technician,Rowen,2005
6,Diamante,Research Assistant III,Giovanni,2003
4,300SE,Financial Advisor,Dulcia,1993
8,RX-7,Safety Technician IV,Marie-jeanne,1989
5,Mustang,Assistant Media Planner,Ramsay,1996
6,Grand Prix,Human Resources Manager,Nicolis,1988
10,Club Wagon,Compensation Analyst,Ammamaria,1995
4,Avalanche,Statistician III,Antoinette,2012
12,Reliant,Safety Technician I,Sioux,1981
12,MR2,Administrative Officer,Karla,2002
10,Optima,Quality Engineer,Mavis,2004
3,Mustang,Civil Engineer,Claudina,1993
5,Civic,Design Engineer,Biddy,2005
2,Sportage,Quality Engineer,Tull,1999
6,Compass,Account Executive,Cchaddie,2012
4,Commander,Structural Analysis Engineer,Stormie,2009
6,Tribute,Software Consultant,Sammie,2004
2,F-Series,Programmer Analyst I,Roarke,2004
2,62,Database Administrator III,Aleksandr,2006
1,DB9 Volante,Speech Pathologist,Timmy,2006
3,Gemini,Registered Nurse,Heindrick,1987
1,Bonneville,Information Systems Manager,Abeu,1965
7,Focus,Recruiting Manager,Freedman,2001
8,Express 3500,Dental Hygienist,Georgie,2007
1,E-Class,Executive Secretary,Gregory,1992
12,Eurovan,Executive Secretary,Sile,2000
5,Sable,Sales Associate,Quill,2002
5,Crown Victoria,Database Administrator II,Suki,2009
1,Intrepid,Nurse Practicioner,Melinde,1994
7,CTS,Sales Associate,Roddy,2008
11,Escalade,Senior Developer,Rosemaria,2009
12,S5,Structural Analysis Engineer,Shea,2008
9,Aerostar,Data Coordiator,Marje,1992
5,Topaz,Civil Engineer,Sydelle,1994
9,Courier,Technical Writer,Patten,1987
8,E-Class,Nurse Practicioner,Anthony,1991
6,MKT,VP Sales,Thacher,2010
1,GL-Class,Electrical Engineer,Port,2008
9,Sidekick,Librarian,Renaud,1992
7,Econoline E250,Financial Advisor,Malory,1994
6,S10,VP Accounting,Feliks,1996
2,Liberty,Developer III,Rora,2008
6,400SEL,Occupational Therapist,Corrina,1993
12,Yukon XL 2500,Senior Developer,Maureene,2006
6,Tacoma Xtra,Software Test Engineer I,Thedric,2002
11,Legacy,Marketing Assistant,Bryn,1995
1,Titan,Legal Assistant,Winnah,2009
8,Continental Super,Analog Circuit Design manager,Darline,2011
9,Corvette,VP Sales,Desi,1989
6,S-Class,Developer III,Quintina,2005
6,Blackwood,Data Coordiator,Lion,2003
4,Carrera GT,Biostatistician IV,Jacquette,2005
6,Jetta,Physical Therapy Assistant,Gleda,1994
4,Mustang,Safety Technician IV,Andres,1971
12,S6,Technical Writer,Arlana,2003
3,Crossfire Roadster,Research Associate,Odella,2006
10,CLS-Class,Compensation Analyst,Adan,2007
11,Gallardo,Senior Sales Associate,Wait,2004
1,Q7,Programmer I,Ginger,2009
2,F-Series,Senior Quality Engineer,Egan,2009
3,Mariner,Chemical Engineer,Kelby,2011
10,350Z Roadster,Budget/Accounting Analyst III,Llewellyn,2006
2,Silverado 1500,Legal Assistant,Will,2007
11,S-Class,Chief Design Engineer,Agata,2001
4,MKT,Chemical Engineer,Brear,2012
9,9-7X,Project Manager,Giselle,2006
9,Durango,Developer I,Dal,2012
4,Ram,VP Sales,Ludwig,2010
12,TSX,Nurse Practicioner,Hurley,2004
5,Eos,Compensation Analyst,Karalynn,2008
8,GLK-Class,Research Nurse,Earvin,2012
6,LeBaron,Physical Therapy Assistant,Sheilah,1995
8,XG350,Assistant Manager,Cleon,2005
10,Ranger,Web Developer IV,Levi,2009
1,S8,Design Engineer,Lishe,2002
10,Yukon XL 2500,Recruiting Manager,Devin,2006
4,Storm,VP Product Management,De,1993
3,Equinox,Human Resources Assistant III,De,2005
1,Silhouette,Speech Pathologist,Rory,1995
1,E-Class,Design Engineer,Essie,1988
5,Cougar,Accounting Assistant II,Mayor,1969
9,Sprinter 2500,Assistant Manager,Fredia,2012
12,Elan,Professor,Norry,1993
7,Range Rover Sport,Staff Scientist,Nathan,2008
4,5 Series,Director of Sales,Kendal,1995
11,Metro,Media Manager II,Celinka,1996
5,MKS,Registered Nurse,Perl,2010
12,Versa,Assistant Media Planner,Marlene,2008
8,S-Class,Administrative Assistant III,Arni,2011
5,M3,Database Administrator I,Julienne,2009
4,tC,Clinical Specialist,Thea,2011
4,Sorento,Administrative Assistant IV,Miguel,2006
3,Rio,VP Accounting,Buddy,2004
12,SLK-Class,Quality Control Specialist,Shawna,2007
3,Ram 1500,Chief Design Engineer,Cherye,2010
9,6000,Clinical Specialist,Fifine,1984
7,RL,Developer II,Verla,2012
1,Century,Geologist IV,Briney,1986
12,Rio,Occupational Therapist,Catherina,2007
12,Land Cruiser,Nurse,Abbot,2007
3,A4,Senior Developer,Asa,2010
4,Thunderbird,Financial Advisor,Bent,1983
1,M5,Electrical Engineer,Corrinne,2007
8,Prizm,Director of Sales,Nataline,1998
10,CR-V,Senior Sales Associate,Rock,2005
4,Grand Cherokee,Sales Associate,Filmore,2000
8,Tribeca,Office Assistant I,Genia,2012
6,Patriot,Staff Accountant IV,Berty,2012
11,Seville,Internal Auditor,Nissy,1996
10,Zephyr,Chemical Engineer,Walker,2006
1,Grand Marquis,Analog Circuit Design manager,Ernesta,1994
8,90,Staff Scientist,Janaya,1993
6,Echo,Senior Financial Analyst,Karole,2005
1,Camry,Automation Specialist I,Joanie,1997
1,Econoline E250,Accountant III,Kristel,2001
3,Colt,Tax Accountant,Jobina,1992
1,Lucerne,Media Manager IV,Rabbi,2009
3,Trans Sport,Structural Analysis Engineer,Billy,1997
9,Touareg,Librarian,Colin,2003
11,4Runner,Nurse,Kelcie,2001
7,Starion,Analyst Programmer,Ezequiel,1985
4,CLS-Class,Civil Engineer,Berna,2008
7,DeVille,Desktop Support Technician,Inger,1994
4,Sebring,Sales Representative,Elka,2009
3,MDX,Automation Specialist IV,Gerry,2008
3,Thunderbird,Nurse,Thatcher,1980
2,Arnage,Speech Pathologist,Osmond,2007
10,SL65 AMG,Research Nurse,Bryon,2006
9,Sportvan G20,Food Chemist,Dusty,1994
9,V40,Speech Pathologist,Charmian,2004
4,JUKE,Legal Assistant,Nahum,2011
2,Suburban 1500,Product Engineer,Corrina,1994
3,Riviera,Product Engineer,Wynn,1995
12,Grand Vitara,Tax Accountant,Tybie,2004
8,Montana,Compensation Analyst,Anderea,2004
12,MX-6,Food Chemist,Bertie,1993
7,Camry,Recruiting Manager,Goldia,1997
10,Eurovan,Research Nurse,Andrew,1997
6,100,Associate Professor,Sansone,1989
6,G,Electrical Engineer,Jo,2002
6,S90,Senior Editor,Darren,1998
7,Azure,VP Quality Control,Mollie,2008
5,Grand Am,Director of Sales,Thaddus,1989
9,Skyhawk,Software Test Engineer I,Jamey,1987
6,Corsica,VP Marketing,Tobi,1995
11,Econoline E250,Research Associate,Nataline,1998
12,S4,Graphic Designer,Elsinore,2001
5,Stratus,Senior Sales Associate,Boot,2006
12,S70,Speech Pathologist,Georgena,2000
10,HS,Financial Advisor,Jenifer,2012
6,Grand Am,Administrative Assistant I,Filippo,2000
10,Legend,Internal Auditor,Glen,1993
